Arguments,Description,Parameter,Constants,Supported,Type,Ixia Version,Spirent Version,Return Values,Example
active,"Flag.
DEFAULT
	None",bool_opt,,IxNetwork-NGPF,ixia_only,"IxTclNetwork:7.40.929.15,IxTclHal:6.80","unimplemented",,
algorithm,"This specifies the algorithm e.g. SPF
DEFAULT
	
0",numeric,,IxNetwork-NGPF,ixia_only,"IxTclNetwork:7.40.929.15,IxTclHal:6.80","unimplemented",,
area_authentication_mode,"Specifies the area authentication mode. Choices are null, text and md5.
DEFAULT
	None
IxNetwork-NGPF
	
DESCRIPTION
	
Specifies the area authentication mode. Choices are null, text and md5.
Valid options are:
null
	
text
	
md5
	
DEFAULT
	None",opt,"md5,null,text","IxNetwork, IxOS/IxNetwork-FT",universal,"IxTclNetwork:7.40.929.15,IxTclHal:6.80","unimplemented",,
area_id,"The area address to be used for the ISIS router. A valid value for this
parameteris represented by a list of octets written in hexadecimal.
Example: '3F 22 11', '23', '44 55 FA'.
DEFAULT
	
49 00 01
IxNetwork-NGPF
	
DESCRIPTION
	
The area address to be used for the ISIS router. A valid value for this
parameter is represented by a list of octets written in hexadecimal.
Example: '3F 22 11', '23', '44 55 FA'
DEFAULT
	
49 00 01",any,,"IxNetwork, IxOS/IxNetwork-FT",universal,"IxTclNetwork:7.40.929.15,IxTclHal:6.80","unimplemented",,
area_id_step,"The step value used for incrementing the -area_id option. A valid value
for this parameteris represented by a list of octets written in
hexadecimal.Example: '3F 22 11', '23', '44 55 FA'(DEFAULT = '00 00 00')
DEFAULT
	None
IxNetwork-NGPF
	
DESCRIPTION
	
The step value used for incrementing the -area_id option. A valid value
for this parameter is represented by a list of octets written in
hexadecimal. Example: '3F 22 11', '23', '44 55 FA'
DEFAULT
	
00 00 00",any,,"IxNetwork, IxOS/IxNetwork-FT",ixia_only,"IxTclNetwork:7.40.929.15,IxTclHal:6.80","unimplemented",,
area_password,"The password used in simple text authentication mode. This is used by L1
routing.
DEFAULT
	None
IxNetwork-NGPF
	
DESCRIPTION
	
The password used in simple text authentication mode. This is used by L1
routing.
DEFAULT
	None",any,,"IxNetwork, IxOS/IxNetwork-FT",universal,"IxTclNetwork:7.40.929.15,IxTclHal:6.80","unimplemented",,
atm_encapsulation,"The encapsulation of the ATM protocol interface associated with the
emulated router.
DEFAULT
	None",opt,"LLCBridgedEthernetFCS,LLCBridgedEthernetNoFCS,LLCRoutedCLIP,VccMuxBridgedEthernetFCS,VccMuxBridgedEthernetNoFCS,VccMuxIPV4Routed,VccMuxIPV6Routed","IxNetwork, IxOS/IxNetwork-FT",ixia_only,"IxTclNetwork:7.40.929.15,IxTclHal:6.80","unimplemented",,
attach_bit,"For L2 only. If 1, indicates that the AttachedFlag is set. This
indicates that this ISIS router can use L2 routing to reach other areas.
DEFAULT
	None
IxNetwork-NGPF
	
DESCRIPTION
	
For L2 only. If 1, indicates that the AttachedFlag is set. This
indicates that this ISIS router can use L2 routing to reach other areas.
DEFAULT
	None",bool_opt,,"IxNetwork, IxOS/IxNetwork-FT",universal,"IxTclNetwork:7.40.929.15,IxTclHal:6.80","unimplemented",,
auth_type,"Authentication Type
Valid options are:
none
	
password
	
md5
	
DEFAULT
	None",opt,"md5,none,password",IxNetwork-NGPF,ixia_only,"IxTclNetwork:7.40.929.15,IxTclHal:6.80","unimplemented",,
auto_adjust_area,"Auto Adjust Area
DEFAULT
	None",bool_opt,,IxNetwork-NGPF,ixia_only,"IxTclNetwork:7.40.929.15,IxTclHal:6.80","unimplemented",,
auto_adjust_mtu,"Auto Adjust MTU
DEFAULT
	None",bool_opt,,IxNetwork-NGPF,ixia_only,"IxTclNetwork:7.40.929.15,IxTclHal:6.80","unimplemented",,
auto_adjust_supported_protocols,"Auto Adjust Supported Protocols
DEFAULT
	None",bool_opt,,IxNetwork-NGPF,ixia_only,"IxTclNetwork:7.40.929.15,IxTclHal:6.80","unimplemented",,
bfd_registration,"Not defined
DEFAULT
	
0",bool_opt,,"IxNetwork, IxOS/IxNetwork-FT",ixia_only,"IxTclNetwork:7.40.929.15,IxTclHal:6.80","unimplemented",,
circuit_tranmit_password_md5_key,"area/domain password.
DEFAULT
	None",any,,IxNetwork-NGPF,universal,"IxTclNetwork:7.40.929.15,IxTclHal:6.80","unimplemented",,
configure_sid_index_label,"If enabled, then the nodal SID will not be taken from the SRGB range,
rather it will be the value of SID index label
DEFAULT
	
1",bool_opt,,IxNetwork-NGPF,ixia_only,"IxTclNetwork:7.40.929.15,IxTclHal:6.80","unimplemented",,
configured_hold_time,"Configured Hold Time
DEFAULT
	None",numeric,,IxNetwork-NGPF,ixia_only,"IxTclNetwork:7.40.929.15,IxTclHal:6.80","unimplemented",,
count,"The number of ISIS routers to configure on the targeted Ixia
DEFAULT
	None
IxNetwork-NGPF
	
DESCRIPTION
	
The number of ISIS routers to configure on the targeted Ixia interface.
The range is 0-1000.
DEFAULT
	
1",any,,"IxNetwork, IxOS/IxNetwork-FT",universal,"IxTclNetwork:7.40.929.15,IxTclHal:6.80","unimplemented",,
csnp_interval,"Not defined
DEFAULT
	None
IxNetwork-NGPF
	
DESCRIPTION
	
CSNP Interval (ms)
DEFAULT
	None",any,,"IxNetwork, IxOS/IxNetwork-FT",ixia_only,"IxTclNetwork:7.40.929.15,IxTclHal:6.80","unimplemented",,
d_bit,"When the ISIS router capability TLV is leaked from level-2 to level-1,
the D bit must be set, otherwise this bit must be clear
DEFAULT
	
0",bool_opt,,IxNetwork-NGPF,ixia_only,"IxTclNetwork:7.40.929.15,IxTclHal:6.80","unimplemented",,
dce_bcast_root_priority,"DCE ISIS broadcast root priority. Each device announces a broadcast
root-priority and the number of trees it expects all other nodes to
compute if it does become the broadcast root. Once a node receives a new
LSP, it runs an election algorithm, independently of the other nodes in
the network, to determine the broadcast root. The node that announced
the lowest broadcast priority becomes the root of the broadcast tree. If
two devices advertise the same broadcast priority, the device with the
lower system ID becomes the root of the broadcast tree. The elected
broadcast-root decides on the multicast-roots to be used in the network
domain and their roots. This announcement takes place in the roots
identifier sub-TLV. The valid range is 0-65535. Parameter type is
optional. This parameter is valid when -mode is create or modify.
DEFAULT
	
65535",range,,"IxNetwork, IxOS/IxNetwork-FT",ixia_only,"IxTclNetwork:7.40.929.15,IxTclHal:6.80","unimplemented",,
dce_capability_router_id,"DCE ISIS router capability in IPv4 format. Parameter type is optional.
This parameter is valid when -mode is create or modify.
DEFAULT
	
0.0.0.0",ipv4,,"IxNetwork, IxOS/IxNetwork-FT",ixia_only,"IxTclNetwork:7.40.929.15,IxTclHal:6.80","unimplemented",,
dce_device_id,"The DCE ISIS device id. The valid range is 0-65535. Parameter type is
optional. This parameter is valid when -mode is create or modify.
DEFAULT
	
1",range,,"IxNetwork, IxOS/IxNetwork-FT",ixia_only,"IxTclNetwork:7.40.929.15,IxTclHal:6.80","unimplemented",,
dce_device_pri,"The DCE ISIS device id. The valid range is 0-255.Parameter type is
optional. This parameter is valid when -mode is create or modify.
DEFAULT
	
1",range,,"IxNetwork, IxOS/IxNetwork-FT",ixia_only,"IxTclNetwork:7.40.929.15,IxTclHal:6.80","unimplemented",,
dce_ftag,"The DCE ISIS forwarding tag. The valid range is 0-65535. Parameter type
is optional. This parameter is valid when -mode is create or modify.
DEFAULT
	
1",range,,"IxNetwork, IxOS/IxNetwork-FT",ixia_only,"IxTclNetwork:7.40.929.15,IxTclHal:6.80","unimplemented",,
dce_ftag_enable,"Enable usage of forwarding tag. The valid range is 0-1. Parameter type
is optional. This parameter is valid when -mode is create or modify.
DEFAULT
	
0",bool_opt,,"IxNetwork, IxOS/IxNetwork-FT",ixia_only,"IxTclNetwork:7.40.929.15,IxTclHal:6.80","unimplemented",,
dce_num_mcast_dst_trees,"The number of multicast destination trees. The valid range is 0-65535.
Parameter type is optional. This parameter is valid when -mode is create
or modify.
DEFAULT
	
1",range,,"IxNetwork, IxOS/IxNetwork-FT",ixia_only,"IxTclNetwork:7.40.929.15,IxTclHal:6.80","unimplemented",,
discard_lsp,"If 1, discards all LSPs coming from the neighbor which helps scalability.
DEFAULT
	None
IxNetwork-NGPF
	
DESCRIPTION
	
If 1, discards all LSPs coming from the neighbor which helps scalability.
DEFAULT
	None",bool_opt,,"IxNetwork, IxOS/IxNetwork-FT",universal,"IxTclNetwork:7.40.929.15,IxTclHal:6.80","unimplemented",,
domain_authentication_mode,"Specifies the domain authentication mode. Choices are null, text and md5.
DEFAULT
	None
IxNetwork-NGPF
	
DESCRIPTION
	
Specifies the domain authentication mode. Choices are null, text and md5.
Valid options are:
null
	
text
	
md5
	
DEFAULT
	None",opt,"md5,null,text","IxNetwork, IxOS/IxNetwork-FT",universal,"IxTclNetwork:7.40.929.15,IxTclHal:6.80","unimplemented",,
domain_password,"The password used in simple text authentication mode. This is used by L2
routing.
DEFAULT
	None
IxNetwork-NGPF
	
DESCRIPTION
	
The password used in simple text authentication mode. This is used by L2
routing.
DEFAULT
	None",any,,"IxNetwork, IxOS/IxNetwork-FT",universal,"IxTclNetwork:7.40.929.15,IxTclHal:6.80","unimplemented",,
e_flag,"If the E-flag is set then any upstream neighbor of the Prefix- SID
originator MUST replace the PrefixSID with a Prefix-SID having an
Explicit-NULL value
DEFAULT
	
0",bool_opt,,IxNetwork-NGPF,ixia_only,"IxTclNetwork:7.40.929.15,IxTclHal:6.80","unimplemented",,
enable_configured_hold_time,"Enable Configured Hold Time
DEFAULT
	None",bool_opt,,IxNetwork-NGPF,ixia_only,"IxTclNetwork:7.40.929.15,IxTclHal:6.80","unimplemented",,
enable_host_name,"Not defined
DEFAULT
	None",bool_opt,,IxNetwork-NGPF,ixia_only,"IxTclNetwork:7.40.929.15,IxTclHal:6.80","unimplemented",,
enable_mt_ipv6,"If true (1), it enables multi-topology (MT) support. If ip_version is
set to 4_6, this field (if not provided by user) gets enabled (set to
true (1)) by default. (DEFAULT 0)
DEFAULT
	
0",bool_opt,,IxNetwork-NGPF,ixia_only,"IxTclNetwork:7.40.929.15,IxTclHal:6.80","unimplemented",,
enable_sr,"Enables SR to run on top of ISIS
DEFAULT
	
0",bool_opt,,IxNetwork-NGPF,ixia_only,"IxTclNetwork:7.40.929.15,IxTclHal:6.80","unimplemented",,
enable3_way_handshake,"Enable 3-way Handshake
DEFAULT
	None",bool_opt,,IxNetwork-NGPF,ixia_only,"IxTclNetwork:7.40.929.15,IxTclHal:6.80","unimplemented",,
extended_local_circuit_id,"Extended Local Circuit Id
DEFAULT
	None",numeric,,IxNetwork-NGPF,ixia_only,"IxTclNetwork:7.40.929.15,IxTclHal:6.80","unimplemented",,
gateway_ip_addr,"The gateway IP address.
DEFAULT
	None
IxNetwork-NGPF
	
DESCRIPTION
	
The gateway IP address.
DEFAULT
	
0.0.0.0",ipv4,,"IxNetwork, IxOS/IxNetwork-FT",universal,"IxTclNetwork:7.40.929.15,IxTclHal:6.80","unimplemented",,
gateway_ip_addr_step,"The gateway IP address increment value.
DEFAULT
	None
IxNetwork-NGPF
	
DESCRIPTION
	
The gateway IP address increment value.
DEFAULT
	
0.0.1.0",ipv4,,"IxNetwork, IxOS/IxNetwork-FT",universal,"IxTclNetwork:7.40.929.15,IxTclHal:6.80","unimplemented",,
gateway_ipv6_addr,"The gateway IPv6 address.
DEFAULT
	None
IxNetwork-NGPF
	
DESCRIPTION
	
The gateway IPv6 address.
DEFAULT
	
0::0",ipv6,,"IxNetwork, IxOS/IxNetwork-FT",universal,"IxTclNetwork:7.40.929.15,IxTclHal:6.80","unimplemented",,
gateway_ipv6_addr_step,"The gateway IPv6 address increment value.
DEFAULT
	None
IxNetwork-NGPF
	
DESCRIPTION
	
The gateway IPv6 address increment value.
DEFAULT
	
0:0:0:1::0",ipv6,,"IxNetwork, IxOS/IxNetwork-FT",universal,"IxTclNetwork:7.40.929.15,IxTclHal:6.80","unimplemented",,
graceful_restart,"If true (1), enable Graceful Restart (NSF) feature on the session router.
DEFAULT
	None
IxNetwork-NGPF
	
DESCRIPTION
	
If true (1), enable Graceful Restart (NSF) feature on the session router.
DEFAULT
	None",bool_opt,,"IxNetwork, IxOS/IxNetwork-FT",universal,"IxTclNetwork:7.40.929.15,IxTclHal:6.80","unimplemented",,
graceful_restart_mode,"normal - (default) The router operates as a normal router.restarting -
The router simulates a restarting router. It sends an IIH containing a
Restart TLV with the RR bit set to the neighbor routers.Starting - The
router simulates a starting router. It sends an IIH containing a Restart
TLV with SA bit set to the neighbor routers.Helper - The router acts as
the 'helper' for the DUT that is restarting. It acknowledges the Restart
TLV sent by the DUT by sending an IIH containing a Restart TLV with the
RA bit set.
DEFAULT
	None
IxNetwork-NGPF
	
DESCRIPTION
	
Not defined
Valid options are:
normal
	
(default) The router operates as a normal router.
restarting
	
The router simulates a restarting router. It sends an IIH containing a
Restart TLV with the RR bit set to the neighbor routers.
starting
	
The router simulates a starting router. It sends an IIH containing a
Restart TLV with SA bit set to the neighbor routers.
helper
	
The router acts as the helper for the DUT that is restarting. It
acknowledges the Restart TLV sent by the DUT by sending an IIH
containing a Restart TLV with the RA bit set
DEFAULT
	None",opt,"helper,normal,restarting,starting","IxNetwork, IxOS/IxNetwork-FT",universal,"IxTclNetwork:7.40.929.15,IxTclHal:6.80","unimplemented",,
graceful_restart_restart_time,"The amount of time that the router will wait for restart completion.
DEFAULT
	None
IxNetwork-NGPF
	
DESCRIPTION
	
The amount of time that the router will wait for restart completion.
DEFAULT
	None",any,,"IxNetwork, IxOS/IxNetwork-FT",universal,"IxTclNetwork:7.40.929.15,IxTclHal:6.80","unimplemented",,
graceful_restart_version,"Specify which draft to use: draft3 draft4.
DEFAULT
	None
IxNetwork-NGPF
	
DESCRIPTION
	
Specify which draft to use: draft3 draft4.
Valid options are:
draft3
	
draft4
	
DEFAULT
	None",opt,"draft3,draft4","IxNetwork, IxOS/IxNetwork-FT",ixia_only,"IxTclNetwork:7.40.929.15,IxTclHal:6.80","unimplemented",,
handle,"ISIS session handle for using the modes delete, modify, enable and disable
DEFAULT
	None
IxNetwork-NGPF[M]
	
DESCRIPTION
	
ISIS session handle for using the modes delete, modify, enable and
disable. When -handle is provided with the /globals value the arguments
that configure global protocol setting accept both multivalue handles
and simple values. When -handle is provided with a a protocol stack
handle or a protocol session handle, the arguments that configure global
settings will only accept simple values. In this situation, these
arguments will configure only the settings of the parent device group or
the ports associated with the parent topology.
DEFAULT
	None",any,,"IxNetwork, IxOS/IxNetwork-FT",universal,"IxTclNetwork:7.40.929.15,IxTclHal:6.80","unimplemented",,
hello_interval,"The frequency of transmitting L1/L2 Hello PDUs.
DEFAULT
	None
IxNetwork-NGPF
	
DESCRIPTION
	
The frequency of transmitting L1/L2 Hello PDUs.
DEFAULT
	None",range,,"IxNetwork, IxOS/IxNetwork-FT",universal,"IxTclNetwork:7.40.929.15,IxTclHal:6.80","unimplemented",,
hello_interval_level1,"The frequency of transmitting L1 Hello PDUs.
DEFAULT
	None",range,,IxNetwork-NGPF,ixia_only,"IxTclNetwork:7.40.929.15,IxTclHal:6.80","unimplemented",,
hello_interval_level2,"The frequency of transmitting L2 Hello PDUs.
DEFAULT
	None",range,,IxNetwork-NGPF,ixia_only,"IxTclNetwork:7.40.929.15,IxTclHal:6.80","unimplemented",,
hello_padding,"Not defined
DEFAULT
	None
IxNetwork-NGPF
	
DESCRIPTION
	
Enable Hello Padding
DEFAULT
	None",bool_opt,,"IxNetwork, IxOS/IxNetwork-FT",ixia_only,"IxTclNetwork:7.40.929.15,IxTclHal:6.80","unimplemented",,
hello_password,"If true (1), enable circuit authentication in hello pkts. L1 uses area
password, L2 uses domain password.
DEFAULT
	None",bool_opt,,"IxNetwork, IxOS/IxNetwork-FT",universal,"IxTclNetwork:7.40.929.15,IxTclHal:6.80","unimplemented",,
host_name,"Host Name
DEFAULT
	None",any,,IxNetwork-NGPF,ixia_only,"IxTclNetwork:7.40.929.15,IxTclHal:6.80","unimplemented",,
if_active,"Flag.
DEFAULT
	None",bool_opt,,IxNetwork-NGPF,ixia_only,"IxTclNetwork:7.40.929.15,IxTclHal:6.80","unimplemented",,
ignore_receive_md5,"Ignore Receive MD5
DEFAULT
	None",bool_opt,,IxNetwork-NGPF,ixia_only,"IxTclNetwork:7.40.929.15,IxTclHal:6.80","unimplemented",,
interface_adj_sid,"Adjacent SID for SR enabled ISIS-L3 interface
DEFAULT
	
9001",numeric,,IxNetwork-NGPF,ixia_only,"IxTclNetwork:7.40.929.15,IxTclHal:6.80","unimplemented",,
interface_b_flag,"B flag for SR enabled ISIS-L3 interface
DEFAULT
	
0",bool_opt,,IxNetwork-NGPF,ixia_only,"IxTclNetwork:7.40.929.15,IxTclHal:6.80","unimplemented",,
interface_enable_adj_sid,"Enables adjacent SID for SR enabled ISIS-L3 interface
DEFAULT
	
0",bool_opt,,IxNetwork-NGPF,ixia_only,"IxTclNetwork:7.40.929.15,IxTclHal:6.80","unimplemented",,
interface_f_flag,"F flag for SR enabled ISIS-L3 interface
DEFAULT
	
0",bool_opt,,IxNetwork-NGPF,ixia_only,"IxTclNetwork:7.40.929.15,IxTclHal:6.80","unimplemented",,
interface_handle,"A list of protocol interface handles that will be associated with the
ISIS router interfaces. This option should be used when interfaces were
previously created with interface_config or other emulation__config
command. When configuring multiple protocols that use the same protocol
interfaces, using this parameter should speed up the configuration.When
using this parameter, all other parameter for configuring protocol
interfaces are ignored. This option is valid only when using
IxTclNetwork API.
DEFAULT
	None",any,,IxNetwork,universal,"IxTclNetwork:7.40.929.15,IxTclHal:6.80","unimplemented",,
interface_l_flag,"L flag for SR enabled ISIS-L3 interface
DEFAULT
	
0",bool_opt,,IxNetwork-NGPF,ixia_only,"IxTclNetwork:7.40.929.15,IxTclHal:6.80","unimplemented",,
interface_override_f_flag,"Override F flag option for SR enabled ISIS-L3 interface
DEFAULT
	
0",bool_opt,,IxNetwork-NGPF,ixia_only,"IxTclNetwork:7.40.929.15,IxTclHal:6.80","unimplemented",,
interface_s_flag,"S flag for SR enabled ISIS-L3 interface
DEFAULT
	
0",bool_opt,,IxNetwork-NGPF,ixia_only,"IxTclNetwork:7.40.929.15,IxTclHal:6.80","unimplemented",,
interface_v_flag,"Value flag for SR enabled ISIS-L3 interface
DEFAULT
	
1",bool_opt,,IxNetwork-NGPF,ixia_only,"IxTclNetwork:7.40.929.15,IxTclHal:6.80","unimplemented",,
interface_weight,"Weight value of the adjacent link for SR enabled ISIS-L3 interface
DEFAULT
	
0",numeric,,IxNetwork-NGPF,ixia_only,"IxTclNetwork:7.40.929.15,IxTclHal:6.80","unimplemented",,
intf_ip_addr,"The IP address of the Ixia Simulated ISIS router. If -count is > 1, this
IP address will increment by value specified
DEFAULT
	None
IxNetwork-NGPF
	
DESCRIPTION
	
The IP address of the Ixia Simulated ISIS router. If -count is > 1, this
IP address will increment by value specified in -intf_ip_addr_step.
DEFAULT
	
178.0.0.1",ipv4,,"IxNetwork, IxOS/IxNetwork-FT",universal,"IxTclNetwork:7.40.929.15,IxTclHal:6.80","unimplemented",,
intf_ip_addr_step,"This value will be used for incrementing the IP address of Simulated
DEFAULT
	None
IxNetwork-NGPF
	
DESCRIPTION
	
This value will be used for incrementing the IP address of Simulated
ISIS router if -count is > 1.
DEFAULT
	
0.0.1.0",ipv4,,"IxNetwork, IxOS/IxNetwork-FT",universal,"IxTclNetwork:7.40.929.15,IxTclHal:6.80","unimplemented",,
intf_ip_prefix_length,"Defines the mask of the IP address used for the Ixia (-intf_ip_addr)
DEFAULT
	None
IxNetwork-NGPF
	
DESCRIPTION
	
Defines the mask of the IP address used for the Ixia (-intf_ip_addr) and
the DUT interface. The range of the value is 1-32.
DEFAULT
	
24",range,,"IxNetwork, IxOS/IxNetwork-FT",ixia_only,"IxTclNetwork:7.40.929.15,IxTclHal:6.80","unimplemented",,
intf_ipv6_addr,"The IPv6 address of the Ixia Simulated ISIS router. If -count is > 1,
this IPv6 address will increment by the value specified
DEFAULT
	None
IxNetwork-NGPF
	
DESCRIPTION
	
The IPv6 address of the Ixia Simulated ISIS router. If -count is > 1,
this IPv6 address will increment by the value specified in
-intf_ipv6_addr_step.
DEFAULT
	
4000::1",ipv6,,"IxNetwork, IxOS/IxNetwork-FT",universal,"IxTclNetwork:7.40.929.15,IxTclHal:6.80","unimplemented",,
intf_ipv6_addr_step,"This value will be used for incrementing the IPV6 address of Simulated
DEFAULT
	None
IxNetwork-NGPF
	
DESCRIPTION
	
This value will be used for incrementing the IPV6 address of Simulated
ISIS router if -count is > 1.
DEFAULT
	
0:0:0:1::0",ipv6,,"IxNetwork, IxOS/IxNetwork-FT",universal,"IxTclNetwork:7.40.929.15,IxTclHal:6.80","unimplemented",,
intf_ipv6_prefix_length,"Defines the mask of the IPv6 address used for the Ixia
DEFAULT
	None
IxNetwork-NGPF
	
DESCRIPTION
	
Defines the mask of the IPv6 address used for the Ixia (-intf_ipv6_addr)
and the DUT interface. Valid range is 1-128.
DEFAULT
	
64",range,,"IxNetwork, IxOS/IxNetwork-FT",universal,"IxTclNetwork:7.40.929.15,IxTclHal:6.80","unimplemented",,
intf_metric,"The cost metric associated with the route. Valid range is 0-16777215.
DEFAULT
	None
IxNetwork-NGPF
	
DESCRIPTION
	
The cost metric associated with the route. Valid range is 0-16777215.
DEFAULT
	None",range,,"IxNetwork, IxOS/IxNetwork-FT",universal,"IxTclNetwork:7.40.929.15,IxTclHal:6.80","unimplemented",,
intf_type,"Indicates the type of network attached to the interface: broadcast or ptop.
DEFAULT
	None
IxNetwork-NGPF
	
DESCRIPTION
	
Indicates the type of network attached to the interface: broadcast or ptop.
Valid options are:
broadcast
	
ptop
	
DEFAULT
	None",opt,"broadcast,ptop","IxNetwork, IxOS/IxNetwork-FT",ixia_only,"IxTclNetwork:7.40.929.15,IxTclHal:6.80","unimplemented",,
ip_version,"Choices are 4, 6, and 4_6. When 4_6 is selected, wide_metrics is
DEFAULT
	None",opt,"4,4_6,6","IxNetwork, IxOS/IxNetwork-FT",universal,"IxTclNetwork:7.40.929.15,IxTclHal:6.80","unimplemented",,
ipv4_flag,"If set, then the router is capable of outgoing IPv4 encapsulation on all
interfaces
DEFAULT
	
1",bool_opt,,IxNetwork-NGPF,ixia_only,"IxTclNetwork:7.40.929.15,IxTclHal:6.80","unimplemented",,
ipv6_flag,"If set, then the router is capable of outgoing IPv6 encapsulation on all
interfaces
DEFAULT
	
1",bool_opt,,IxNetwork-NGPF,ixia_only,"IxTclNetwork:7.40.929.15,IxTclHal:6.80","unimplemented",,
ipv6_mt_metric,"IPv6 MT Metric
DEFAULT
	None",numeric,,IxNetwork-NGPF,ixia_only,"IxTclNetwork:7.40.929.15,IxTclHal:6.80","unimplemented",,
l_flag,"L flag of ISIS-L3 router
DEFAULT
	
0",bool_opt,,IxNetwork-NGPF,ixia_only,"IxTclNetwork:7.40.929.15,IxTclHal:6.80","unimplemented",,
l1_router_priority,"The session routers priority number for L1 DR role.
DEFAULT
	None
IxNetwork-NGPF
	
DESCRIPTION
	
The session routers priority number for L1 DR role.
DEFAULT
	None",range,,"IxNetwork, IxOS/IxNetwork-FT",universal,"IxTclNetwork:7.40.929.15,IxTclHal:6.80","unimplemented",,
l2_router_priority,"The session routers priority number for L2 DR role.
DEFAULT
	None
IxNetwork-NGPF
	
DESCRIPTION
	
The session routers priority number for L2 DR role.
DEFAULT
	None",range,,"IxNetwork, IxOS/IxNetwork-FT",universal,"IxTclNetwork:7.40.929.15,IxTclHal:6.80","unimplemented",,
level_type,,,,N/A,unsupported,unsupported,"unimplemented",,
level1_dead_interval,"Level 1 Dead Interval (sec)
DEFAULT
	None",numeric,,IxNetwork-NGPF,ixia_only,"IxTclNetwork:7.40.929.15,IxTclHal:6.80","unimplemented",,
level2_dead_interval,"Level 2 Dead Interval (sec)
DEFAULT
	None",numeric,,IxNetwork-NGPF,ixia_only,"IxTclNetwork:7.40.929.15,IxTclHal:6.80","unimplemented",,
loopback_bfd_registration,"Enable BFD registration for loopback interface.
DEFAULT
	
0",bool_opt,,"IxNetwork, IxOS/IxNetwork-FT",ixia_only,"IxTclNetwork:7.40.929.15,IxTclHal:6.80","unimplemented",,
loopback_hello_password,"If true (1), enable circuit authentication in hello pkts. L1 uses area
password, L2 uses domain password.
DEFAULT
	None",bool_opt,,"IxNetwork, IxOS/IxNetwork-FT",ixia_only,"IxTclNetwork:7.40.929.15,IxTclHal:6.80","unimplemented",,
loopback_ip_addr,"The starting ip address of the unconnected interfaces that are created
along with the connected interface, when this option is present.
DEFAULT
	None",ipv4,,"IxNetwork, IxOS/IxNetwork-FT",ixia_only,"IxTclNetwork:7.40.929.15,IxTclHal:6.80","unimplemented",,
loopback_ip_addr_count,"The number of unconnected interfaces that should be created when the
option -loopback_ip_addr is present.
DEFAULT
	None",numeric,,"IxNetwork, IxOS/IxNetwork-FT",ixia_only,"IxTclNetwork:7.40.929.15,IxTclHal:6.80","unimplemented",,
loopback_ip_addr_step,"The incrementing step for -loopback_ip_addr option.
DEFAULT
	None",ipv4,,"IxNetwork, IxOS/IxNetwork-FT",ixia_only,"IxTclNetwork:7.40.929.15,IxTclHal:6.80","unimplemented",,
loopback_ip_prefix_length,"The prefix length for the unconnected interface.
DEFAULT
	None",range,,"IxNetwork, IxOS/IxNetwork-FT",ixia_only,"IxTclNetwork:7.40.929.15,IxTclHal:6.80","unimplemented",,
loopback_l1_router_priority,"The session routers priority number for L1 DR role.
DEFAULT
	None",range,,"IxNetwork, IxOS/IxNetwork-FT",ixia_only,"IxTclNetwork:7.40.929.15,IxTclHal:6.80","unimplemented",,
loopback_l2_router_priority,"The session routers priority number for L2 DR role.
DEFAULT
	None",range,,"IxNetwork, IxOS/IxNetwork-FT",ixia_only,"IxTclNetwork:7.40.929.15,IxTclHal:6.80","unimplemented",,
loopback_metric,"The cost metric associated with the route. Valid range is 0-16777215.
DEFAULT
	None",range,,"IxNetwork, IxOS/IxNetwork-FT",ixia_only,"IxTclNetwork:7.40.929.15,IxTclHal:6.80","unimplemented",,
loopback_routing_level,"Not defined
Valid options are:
L1
	
L1 only
L2
	
L2 only
L1L2
	
L1 and L2
DEFAULT
	None",opt,"L1,L1L2,L2","IxNetwork, IxOS/IxNetwork-FT",ixia_only,"IxTclNetwork:7.40.929.15,IxTclHal:6.80","unimplemented",,
loopback_te_admin_group,"The administrative group associated with the traffic engineering.
DEFAULT
	None",range,,"IxNetwork, IxOS/IxNetwork-FT",ixia_only,"IxTclNetwork:7.40.929.15,IxTclHal:6.80","unimplemented",,
loopback_te_max_bw,"The maximum bandwidth to be advertised.
DEFAULT
	None",numeric,,"IxNetwork, IxOS/IxNetwork-FT",ixia_only,"IxTclNetwork:7.40.929.15,IxTclHal:6.80","unimplemented",,
loopback_te_max_resv_bw,"The maximum reservable bandwidth to be advertised.
DEFAULT
	None",numeric,,"IxNetwork, IxOS/IxNetwork-FT",ixia_only,"IxTclNetwork:7.40.929.15,IxTclHal:6.80","unimplemented",,
loopback_te_metric,"The traffic engineering metric, used for both L1 and L2 routes.
DEFAULT
	None",range,,"IxNetwork, IxOS/IxNetwork-FT",ixia_only,"IxTclNetwork:7.40.929.15,IxTclHal:6.80","unimplemented",,
loopback_te_unresv_bw_priority0,"The unreserved bandwidth for priority 0 to be advertised.
DEFAULT
	None",numeric,,"IxNetwork, IxOS/IxNetwork-FT",ixia_only,"IxTclNetwork:7.40.929.15,IxTclHal:6.80","unimplemented",,
loopback_te_unresv_bw_priority1,"The unreserved bandwidth for priority 1 to be advertised.
DEFAULT
	None",numeric,,"IxNetwork, IxOS/IxNetwork-FT",ixia_only,"IxTclNetwork:7.40.929.15,IxTclHal:6.80","unimplemented",,
loopback_te_unresv_bw_priority2,"The unreserved bandwidth for priority 2 to be advertised.
DEFAULT
	None",numeric,,"IxNetwork, IxOS/IxNetwork-FT",ixia_only,"IxTclNetwork:7.40.929.15,IxTclHal:6.80","unimplemented",,
loopback_te_unresv_bw_priority3,"The unreserved bandwidth for priority 3 to be advertised.
DEFAULT
	None",numeric,,"IxNetwork, IxOS/IxNetwork-FT",ixia_only,"IxTclNetwork:7.40.929.15,IxTclHal:6.80","unimplemented",,
loopback_te_unresv_bw_priority4,"The unreserved bandwidth for priority 4 to be advertised.
DEFAULT
	None",numeric,,"IxNetwork, IxOS/IxNetwork-FT",ixia_only,"IxTclNetwork:7.40.929.15,IxTclHal:6.80","unimplemented",,
loopback_te_unresv_bw_priority5,"The unreserved bandwidth for priority 5 to be advertised.
DEFAULT
	None",numeric,,"IxNetwork, IxOS/IxNetwork-FT",ixia_only,"IxTclNetwork:7.40.929.15,IxTclHal:6.80","unimplemented",,
loopback_te_unresv_bw_priority6,"The unreserved bandwidth for priority 6 to be advertised.
DEFAULT
	None",numeric,,"IxNetwork, IxOS/IxNetwork-FT",ixia_only,"IxTclNetwork:7.40.929.15,IxTclHal:6.80","unimplemented",,
loopback_te_unresv_bw_priority7,"The unreserved bandwidth for priority 7 to be advertised.
DEFAULT
	None",numeric,,"IxNetwork, IxOS/IxNetwork-FT",ixia_only,"IxTclNetwork:7.40.929.15,IxTclHal:6.80","unimplemented",,
loopback_type,"Indicates the type of network attached to the interface: broadcast or ptop.
DEFAULT
	None",opt,"broadcast,ptop","IxNetwork, IxOS/IxNetwork-FT",ixia_only,"IxTclNetwork:7.40.929.15,IxTclHal:6.80","unimplemented",,
lsp_life_time,"The maximum age in seconds for retaining a learned LSP.
DEFAULT
	None
IxNetwork-NGPF
	
DESCRIPTION
	
The maximum age in seconds for retaining a learned LSP.
DEFAULT
	None",range,,"IxNetwork, IxOS/IxNetwork-FT",universal,"IxTclNetwork:7.40.929.15,IxTclHal:6.80","unimplemented",,
lsp_refresh_interval,"The rate at which LSPs are resent. Unit is in seconds.
DEFAULT
	None
IxNetwork-NGPF
	
DESCRIPTION
	
The rate at which LSPs are resent. Unit is in seconds.
DEFAULT
	None",range,,"IxNetwork, IxOS/IxNetwork-FT",universal,"IxTclNetwork:7.40.929.15,IxTclHal:6.80","unimplemented",,
mac_address_init,"This option defines the MAC address that will be configured on the Ixia
interface. If is -count > 1, this MAC address will increment by default
by step of 1, or you can specify another step by using mac_address_step
option.
DEFAULT
	None
IxNetwork-NGPF
	
DESCRIPTION
	
This option defines the MAC address that will be configured on the Ixia
interface. If is -count > 1, this MAC address will increment by default
by step of 1, or you can specify another step by using mac_address_step
option.
DEFAULT
	None",mac,,"IxNetwork, IxOS/IxNetwork-FT",universal,"IxTclNetwork:7.40.929.15,IxTclHal:6.80","unimplemented",,
mac_address_step,"This option defines the incrementing step for the MAC address that will
be configured on the Ixia interface. Valid only when IxNetwork Tcl API
is used.
DEFAULT
	
0000.0000.0001
IxNetwork-NGPF
	
DESCRIPTION
	
This option defines the incrementing step for the MAC address that will
be configured on the Ixia interface. Valid only when IxNetwork Tcl API
is used.
DEFAULT
	
0000.0000.0001",mac,,IxNetwork,ixia_only,"IxTclNetwork:7.40.929.15,IxTclHal:6.80","unimplemented",,
mask,"Mask for the node prefix
DEFAULT
	
32",numeric,,IxNetwork-NGPF,ixia_only,"IxTclNetwork:7.40.929.15,IxTclHal:6.80","unimplemented",,
max_area_addresses,"Maximum Area Addresses
DEFAULT
	None",numeric,,IxNetwork-NGPF,ixia_only,"IxTclNetwork:7.40.929.15,IxTclHal:6.80","unimplemented",,
max_packet_size,"The maximum IS-IS packet size that will be transmitted. Hello packets
are also padded to the size. Valid range is 576-32832.
DEFAULT
	None
IxNetwork-NGPF
	
DESCRIPTION
	
The maximum IS-IS packet size that will be transmitted. Hello packets
are also padded to the size. Valid range is 576-32832.
DEFAULT
	None",range,,"IxNetwork, IxOS/IxNetwork-FT",universal,"IxTclNetwork:7.40.929.15,IxTclHal:6.80","unimplemented",,
mode,"create - Creates the ISIS router on the Ixia interface.modify - Modifies
the ISIS router on the Ixia interface.delete - Deletes the ISIS router
on the Ixia interface.disable - The ISIS router will be disabled.enable
- Enables the ISIS router on the Ixia interface.
DEFAULT
	None
IxNetwork-NGPF[M]
	
DESCRIPTION
	
Not defined
Valid options are:
create
	
Creates the ISIS router on the Ixia interface.
modify
	
Modifies the ISIS router on the Ixia interface.
delete
	
Deletes the ISIS router on the Ixia interface.
disable
	
The ISIS router will be disabled.
enable
	
Enables the ISIS router on the Ixia interface.
DEFAULT
	None",opt,"create,delete,disable,enable,modify","IxNetwork[M] , IxOS/IxNetwork-FT[M]",universal,"IxTclNetwork:7.40.929.15,IxTclHal:6.80","unimplemented",,
multi_topology,"If true (1), it enables multi-topology (MT) support. If ip_versionis set
to 4_6, this field (if not provided by user) gets enabled (set to true
(1)) by default.(DEFAULT 0)
DEFAULT
	
0",bool_opt,,"IxNetwork, IxOS/IxNetwork-FT",ixia_only,"IxTclNetwork:7.40.929.15,IxTclHal:6.80","unimplemented",,
n_flag,"Node SID flag
DEFAULT
	
0",bool_opt,,IxNetwork-NGPF,ixia_only,"IxTclNetwork:7.40.929.15,IxTclHal:6.80","unimplemented",,
no_of_lsps_or_mgroup_pdus_per_interval,"LSPs/MGROUP-PDUs per Interval
DEFAULT
	None",numeric,,IxNetwork-NGPF,ixia_only,"IxTclNetwork:7.40.929.15,IxTclHal:6.80","unimplemented",,
no_write,"If this option is present, the configuration is not written to the
hardware. This option can be used to queue up multiple configurations
before writing to the hardware.
DEFAULT
	None",flag,,"IxNetwork, IxOS/IxNetwork-FT",ixia_only,"IxTclNetwork:7.40.929.15,IxTclHal:6.80","unimplemented",,
node_prefix,"Used to uniquely identify the ISIS-L3 SR router
DEFAULT
	
1.1.1.1",ipv4,,IxNetwork-NGPF,ixia_only,"IxTclNetwork:7.40.929.15,IxTclHal:6.80","unimplemented",,
overloaded,"If 1, the LSP database overload bit is set, indicating that the LSP
database on this router does not have enough memory to store a received LSP.
DEFAULT
	None
IxNetwork-NGPF
	
DESCRIPTION
	
If 1, the LSP database overload bit is set, indicating that the LSP
database on this router does not have enough memory to store a received LSP.
DEFAULT
	None",bool_opt,,"IxNetwork, IxOS/IxNetwork-FT",universal,"IxTclNetwork:7.40.929.15,IxTclHal:6.80","unimplemented",,
override_existence_check,"If this option is enabled, the interface existence check is skipped but
the list of interfaces is still created and maintained in order to keep
track of existing interfaces if required. Using this option will speed
up the interfaces' creation.
DEFAULT
	
0",bool_opt,,"IxNetwork, IxOS/IxNetwork-FT",ixia_only,"IxTclNetwork:7.40.929.15,IxTclHal:6.80","unimplemented",,
override_tracking,"If this option is enabled, the list of interfaces won't be created and
maintained anymore, thus, speeding up the interfaces' creation even
more. Also, it will enable -override_existence_check in case it wasn't
already enabled because checking for interface existence becomes
impossible if the the list of interfaces doesn't exist anymore.
DEFAULT
	
0",bool_opt,,"IxNetwork, IxOS/IxNetwork-FT",ixia_only,"IxTclNetwork:7.40.929.15,IxTclHal:6.80","unimplemented",,
p_flag,"PHP (penultimate hop popping) flag
DEFAULT
	
0",bool_opt,,IxNetwork-NGPF,ixia_only,"IxTclNetwork:7.40.929.15,IxTclHal:6.80","unimplemented",,
partition_repair,"If 1, enables the optional partition repair option specified in ISO/IEC
10589 and RFC 1195 for Level 1 areas.
DEFAULT
	None
IxNetwork-NGPF
	
DESCRIPTION
	
If 1, enables the optional partition repair option specified in ISO/IEC
10589 and RFC 1195 for Level 1 areas.
DEFAULT
	None",bool_opt,,"IxNetwork, IxOS/IxNetwork-FT",universal,"IxTclNetwork:7.40.929.15,IxTclHal:6.80","unimplemented",,
pdu_burst_gap,"Inter LSPs/MGROUP-PDUs Burst Gap (ms)
DEFAULT
	None",any,,IxNetwork-NGPF,ixia_only,"IxTclNetwork:7.40.929.15,IxTclHal:6.80","unimplemented",,
pdu_min_tx_interval,"LSP/MGROUP-PDU Min Transmission Interval (ms)
DEFAULT
	None",numeric,,IxNetwork-NGPF,ixia_only,"IxTclNetwork:7.40.929.15,IxTclHal:6.80","unimplemented",,
pdu_per_burst,"Max LSPs/MGROUP-PDUs Per Burst
DEFAULT
	None",numeric,,IxNetwork-NGPF,ixia_only,"IxTclNetwork:7.40.929.15,IxTclHal:6.80","unimplemented",,
port_handle,"Ixia Interface where to act upon.
DEFAULT
	None",any,,"IxNetwork[M] , IxOS/IxNetwork-FT[M]",universal,"IxTclNetwork:7.40.929.15,IxTclHal:6.80","unimplemented",,
protocol_name,"Protocol name
DEFAULT
	None",alpha,,IxNetwork-NGPF,ixia_only,"IxTclNetwork:7.40.929.15,IxTclHal:6.80","unimplemented",,
psnp_interval,"Not defined
DEFAULT
	None
IxNetwork-NGPF
	
DESCRIPTION
	
PSNP Interval (ms)
DEFAULT
	None",any,,"IxNetwork, IxOS/IxNetwork-FT",ixia_only,"IxTclNetwork:7.40.929.15,IxTclHal:6.80","unimplemented",,
r_flag,"Readvertisement flag
DEFAULT
	
0",bool_opt,,IxNetwork-NGPF,ixia_only,"IxTclNetwork:7.40.929.15,IxTclHal:6.80","unimplemented",,
rate_control_interval,"Rate Control Interval (ms)
DEFAULT
	None",numeric,,IxNetwork-NGPF,ixia_only,"IxTclNetwork:7.40.929.15,IxTclHal:6.80","unimplemented",,
redistribution,"It can have any of the two choices- UP or DOWN
Valid options are:
up
	
down
	
DEFAULT
	
up",opt,"down,up",IxNetwork-NGPF,ixia_only,"IxTclNetwork:7.40.929.15,IxTclHal:6.80","unimplemented",,
reset,"If this option is selected, this will clear any OSPF router on the
targeted interface.
DEFAULT
	None
IxNetwork-NGPF
	
DESCRIPTION
	
If this option is selected, this will clear any ISIS-L3 router on the
targeted interface.
DEFAULT
	None",flag,,"IxNetwork, IxOS/IxNetwork-FT",ixia_only,"IxTclNetwork:7.40.929.15,IxTclHal:6.80","unimplemented",,
return_detailed_handles,"This argument determines if individual interface, session or router
handles are returned by the current command. This applies only to the
command on which it is specified. Setting this to 0 means that only
NGPF-specific protocol stack handles will be returned. This will
significantly decrease the size of command results and speed up script
execution. The default is 0, meaning only protocol stack handles will be
returned.
DEFAULT
	
0",bool_opt,,IxNetwork-NGPF,ixia_only,"IxTclNetwork:7.40.929.15,IxTclHal:6.80","unimplemented",,
router_id,"Not defined
DEFAULT
	None
IxNetwork-NGPF
	
DESCRIPTION
	
Router capability identifier
DEFAULT
	
1.1.1.1",any,,"IxNetwork, IxOS/IxNetwork-FT",universal,"IxTclNetwork:7.40.929.15,IxTclHal:6.80","unimplemented",,
router_id_step,"Not supported
DEFAULT
	Not supported",any,,"IxNetwork, IxOS/IxNetwork-FT",unsupported,unsupported,"unimplemented",,
routing_level,"Not defined
Valid options are:
L1
	
L1 only
L2
	
L2 only
L1L2
	
L1 and L2
DEFAULT
	None
IxNetwork-NGPF
	
DESCRIPTION
	
Selects the supported routing level.
Valid options are:
L1
	
L1 only
L2
	
L2 only
L1L2
	
L1 and L2
DEFAULT
	None",opt,"L1,L1L2,L2","IxNetwork, IxOS/IxNetwork-FT",ixia_only,"IxTclNetwork:7.40.929.15,IxTclHal:6.80","unimplemented",,
s_bit,"If the S bit is set 1, the ISIS router capability TLV must be flooded
across the entire routing domain, otherwise the TLV must not be leaked
between levels
DEFAULT
	
0",bool_opt,,IxNetwork-NGPF,ixia_only,"IxTclNetwork:7.40.929.15,IxTclHal:6.80","unimplemented",,
send_p2p_hellos_to_unicast_mac,"Send P2P Hellos To Unicast MAC
DEFAULT
	None",bool_opt,,IxNetwork-NGPF,ixia_only,"IxTclNetwork:7.40.929.15,IxTclHal:6.80","unimplemented",,
sid_count,"Total count of SIDs in that SRGB range
DEFAULT
	
8000",numeric,,IxNetwork-NGPF,ixia_only,"IxTclNetwork:7.40.929.15,IxTclHal:6.80","unimplemented",,
sid_index_label,"This is the value which will be used to set the nodal SID of the ISIS-L3
SR enabled router if configure sid index label option has been enabled
DEFAULT
	
0",numeric,,IxNetwork-NGPF,ixia_only,"IxTclNetwork:7.40.929.15,IxTclHal:6.80","unimplemented",,
srgb_range_count,"How many ranges the user wants to create in the SRGB range. Max is 5
DEFAULT
	
1",numeric,,IxNetwork-NGPF,ixia_only,"IxTclNetwork:7.40.929.15,IxTclHal:6.80","unimplemented",,
start_rate,"Number of times an action is triggered per time interval
DEFAULT
	None",any,,IxNetwork-NGPF,ixia_only,"IxTclNetwork:7.40.929.15,IxTclHal:6.80","unimplemented",,
start_rate_enabled,"Enabled
DEFAULT
	None",bool_opt,,IxNetwork-NGPF,ixia_only,"IxTclNetwork:7.40.929.15,IxTclHal:6.80","unimplemented",,
start_rate_interval,"Time interval used to calculate the rate for triggering an action (rate
= count/interval)
DEFAULT
	None",numeric,,IxNetwork-NGPF,ixia_only,"IxTclNetwork:7.40.929.15,IxTclHal:6.80","unimplemented",,
start_rate_scale_mode,"Indicates whether the control is specified per port or per device group
Valid options are:
port
	
device_group
	
DEFAULT
	
port",opt,"device_group,port",IxNetwork-NGPF,ixia_only,"IxTclNetwork:7.40.929.15,IxTclHal:6.80","unimplemented",,
start_sid_label,"Start SID in one SRGB range.
DEFAULT
	
16000",numeric,,IxNetwork-NGPF,ixia_only,"IxTclNetwork:7.40.929.15,IxTclHal:6.80","unimplemented",,
stop_rate,"Number of times an action is triggered per time interval
DEFAULT
	None",any,,IxNetwork-NGPF,ixia_only,"IxTclNetwork:7.40.929.15,IxTclHal:6.80","unimplemented",,
stop_rate_enabled,"Enabled
DEFAULT
	None",bool_opt,,IxNetwork-NGPF,ixia_only,"IxTclNetwork:7.40.929.15,IxTclHal:6.80","unimplemented",,
stop_rate_interval,"Time interval used to calculate the rate for triggering an action (rate
= count/interval)
DEFAULT
	None",numeric,,IxNetwork-NGPF,ixia_only,"IxTclNetwork:7.40.929.15,IxTclHal:6.80","unimplemented",,
stop_rate_scale_mode,"Indicates whether the control is specified per port or per device group
Valid options are:
port
	
device_group
	
DEFAULT
	
port",opt,"device_group,port",IxNetwork-NGPF,ixia_only,"IxTclNetwork:7.40.929.15,IxTclHal:6.80","unimplemented",,
system_id,"A system ID is typically 6-octet long.
DEFAULT
	None
IxNetwork-NGPF
	
DESCRIPTION
	
A system ID is typically 6-octet long.
DEFAULT
	None",any,,"IxNetwork, IxOS/IxNetwork-FT",universal,"IxTclNetwork:7.40.929.15,IxTclHal:6.80","unimplemented",,
system_id_step,"If -count > 1, this value is used to increment the system_id.
DEFAULT
	None
IxNetwork-NGPF
	
DESCRIPTION
	
If -count > 1, this value is used to increment the system_id.
DEFAULT
	
00:00:00:00:00:01",any,,"IxNetwork, IxOS/IxNetwork-FT",ixia_only,"IxTclNetwork:7.40.929.15,IxTclHal:6.80","unimplemented",,
te_admin_group,"The administrative group associated with the traffic engineering.
DEFAULT
	None
IxNetwork-NGPF
	
DESCRIPTION
	
Administrator Group
DEFAULT
	None",range,,"IxNetwork, IxOS/IxNetwork-FT",universal,"IxTclNetwork:7.40.929.15,IxTclHal:6.80","unimplemented",,
te_enable,"If true (1), enable traffic engineering extension. If this field is set
to true (1) then wide_metrics field gets set to true (1)irrespective of
the ip_version value. This behavior is for IxTclProtocol and IxTclNetwork
DEFAULT
	None
IxNetwork-NGPF
	
DESCRIPTION
	
If true (1), enable traffic engineering extension. If this field is set
to true (1) then wide_metrics field gets set to true (1) irrespective of
the ip_version value. This behavior is for IxTclProtocol and IxTclNetwork
DEFAULT
	None",bool_opt,,"IxNetwork, IxOS/IxNetwork-FT",universal,"IxTclNetwork:7.40.929.15,IxTclHal:6.80","unimplemented",,
te_max_bw,"The maximum bandwidth to be advertised.
DEFAULT
	None
IxNetwork-NGPF
	
DESCRIPTION
	
The maximum bandwidth to be advertised.
DEFAULT
	None",numeric,,"IxNetwork, IxOS/IxNetwork-FT",universal,"IxTclNetwork:7.40.929.15,IxTclHal:6.80","unimplemented",,
te_max_resv_bw,"The maximum reservable bandwidth to be advertised.
DEFAULT
	None
IxNetwork-NGPF
	
DESCRIPTION
	
The maximum reservable bandwidth to be advertised.
DEFAULT
	None",numeric,,"IxNetwork, IxOS/IxNetwork-FT",universal,"IxTclNetwork:7.40.929.15,IxTclHal:6.80","unimplemented",,
te_metric,"The traffic engineering metric, used for both L1 and L2 routes.
DEFAULT
	None
IxNetwork-NGPF
	
DESCRIPTION
	
TE Metric Level
DEFAULT
	None",numeric,,"IxNetwork, IxOS/IxNetwork-FT",universal,"IxTclNetwork:7.40.929.15,IxTclHal:6.80","unimplemented",,
te_router_id,"The ID of the TE router, usually the lowest IP address on the router.
DEFAULT
	None
IxNetwork-NGPF
	
DESCRIPTION
	
The ID of the TE router, usually the lowest IP address on the router.
DEFAULT
	None",ip,,"IxNetwork, IxOS/IxNetwork-FT",universal,"IxTclNetwork:7.40.929.15,IxTclHal:6.80","unimplemented",,
te_router_id_step,"The increment used for -te_router_id option.
DEFAULT
	None
IxNetwork-NGPF
	
DESCRIPTION
	
The increment used for -te_router_id option.
DEFAULT
	
0.0.0.1",ip,,"IxNetwork, IxOS/IxNetwork-FT",ixia_only,"IxTclNetwork:7.40.929.15,IxTclHal:6.80","unimplemented",,
te_unresv_bw_priority0,"The unreserved bandwidth for priority 0 to be advertised.
DEFAULT
	None
IxNetwork-NGPF
	
DESCRIPTION
	
The unreserved bandwidth for priority 0 to be advertised.
DEFAULT
	None",numeric,,"IxNetwork, IxOS/IxNetwork-FT",universal,"IxTclNetwork:7.40.929.15,IxTclHal:6.80","unimplemented",,
te_unresv_bw_priority1,"The unreserved bandwidth for priority 1 to be advertised.
DEFAULT
	None
IxNetwork-NGPF
	
DESCRIPTION
	
The unreserved bandwidth for priority 1 to be advertised.
DEFAULT
	None",numeric,,"IxNetwork, IxOS/IxNetwork-FT",universal,"IxTclNetwork:7.40.929.15,IxTclHal:6.80","unimplemented",,
te_unresv_bw_priority2,"The unreserved bandwidth for priority 2 to be advertised.
DEFAULT
	None
IxNetwork-NGPF
	
DESCRIPTION
	
The unreserved bandwidth for priority 2 to be advertised.
DEFAULT
	None",numeric,,"IxNetwork, IxOS/IxNetwork-FT",universal,"IxTclNetwork:7.40.929.15,IxTclHal:6.80","unimplemented",,
te_unresv_bw_priority3,"The unreserved bandwidth for priority 3 to be advertised.
DEFAULT
	None
IxNetwork-NGPF
	
DESCRIPTION
	
The unreserved bandwidth for priority 3 to be advertised.
DEFAULT
	None",numeric,,"IxNetwork, IxOS/IxNetwork-FT",universal,"IxTclNetwork:7.40.929.15,IxTclHal:6.80","unimplemented",,
te_unresv_bw_priority4,"The unreserved bandwidth for priority 4 to be advertised.
DEFAULT
	None
IxNetwork-NGPF
	
DESCRIPTION
	
The unreserved bandwidth for priority 4 to be advertised.
DEFAULT
	None",numeric,,"IxNetwork, IxOS/IxNetwork-FT",universal,"IxTclNetwork:7.40.929.15,IxTclHal:6.80","unimplemented",,
te_unresv_bw_priority5,"The unreserved bandwidth for priority 5 to be advertised.
DEFAULT
	None
IxNetwork-NGPF
	
DESCRIPTION
	
The unreserved bandwidth for priority 5 to be advertised.
DEFAULT
	None",numeric,,"IxNetwork, IxOS/IxNetwork-FT",universal,"IxTclNetwork:7.40.929.15,IxTclHal:6.80","unimplemented",,
te_unresv_bw_priority6,"The unreserved bandwidth for priority 6 to be advertised.
DEFAULT
	None
IxNetwork-NGPF
	
DESCRIPTION
	
The unreserved bandwidth for priority 6 to be advertised.
DEFAULT
	None",numeric,,"IxNetwork, IxOS/IxNetwork-FT",universal,"IxTclNetwork:7.40.929.15,IxTclHal:6.80","unimplemented",,
te_unresv_bw_priority7,"The unreserved bandwidth for priority 7 to be advertised.
DEFAULT
	None
IxNetwork-NGPF
	
DESCRIPTION
	
The unreserved bandwidth for priority 7 to be advertised.
DEFAULT
	None",numeric,,"IxNetwork, IxOS/IxNetwork-FT",universal,"IxTclNetwork:7.40.929.15,IxTclHal:6.80","unimplemented",,
traffic_engineering_name,"Name of NGPF element, guaranteed to be unique in Scenario
DEFAULT
	None",alpha,,IxNetwork-NGPF,ixia_only,"IxTclNetwork:7.40.929.15,IxTclHal:6.80","unimplemented",,
type,"Selects the ISIS emulation type. This can either be Layer 3 ISIS routing
or DCE ISIS emulation based on the draft-ward-l2isis-04. Valid options
are: dce_isis_draft_ward_l2_isis_04 and isis_l3_routing. Parameter type
is optional. This parameter is valid when -mode is create.
DEFAULT
	
isis_l3_routing",opt,"dce_isis_draft_ward_l2_isis_04,isis_l3_routing","IxNetwork, IxOS/IxNetwork-FT",ixia_only,"IxTclNetwork:7.40.929.15,IxTclHal:6.80","unimplemented",,
v_flag,"Value flag
DEFAULT
	
0",bool_opt,,IxNetwork-NGPF,ixia_only,"IxTclNetwork:7.40.929.15,IxTclHal:6.80","unimplemented",,
vci,"Not defined
DEFAULT
	None",range,,"IxNetwork, IxOS/IxNetwork-FT",universal,"IxTclNetwork:7.40.929.15,IxTclHal:6.80","unimplemented",,
vci_step,"The step value used for incrementing the -vci option.When vci_step
causes the vci value to exceed it's maximum value the increment will be
done modulo .Examples: vci = 65534; vci_step = 2 -> new vci value = 0vci
= 65535; vci_step = 11 -> new vci value = 10
DEFAULT
	None",range,,"IxNetwork, IxOS/IxNetwork-FT",universal,"IxTclNetwork:7.40.929.15,IxTclHal:6.80","unimplemented",,
vlan,"Enables vlan on the directly connected ISIS router interface. Valid
options are: 0 - disable, 1 - enable.This option is valid only when
-mode is create or -mode is modify and -handle is an ISIS router handle.
DEFAULT
	None
IxNetwork-NGPF
	
DESCRIPTION
	
Enables vlan on the directly connected ISIS router interface. Valid
options are: 0 - disable, 1 - enable. This option is valid only when
-mode is create or -mode is modify and -handle is an ISIS router handle.
DEFAULT
	None",bool_opt,,"IxNetwork, IxOS/IxNetwork-FT",ixia_only,"IxTclNetwork:7.40.929.15,IxTclHal:6.80","unimplemented",,
vlan_cfi,,,,Supported platforms 	Details,unsupported,unsupported,"unimplemented",,
vlan_id,"If VLAN is enabled on the Ixia interface, this option will configure
DEFAULT
	None
IxNetwork-NGPF
	
DESCRIPTION
	
If VLAN is enabled on the Ixia interface, this option will configure the
VLAN number.
DEFAULT
	None
DEPENDENCIES
	
Valid in combination with parameter(s)
'vlan' | value= '1' |",range,,"IxNetwork, IxOS/IxNetwork-FT",universal,"IxTclNetwork:7.40.929.15,IxTclHal:6.80","unimplemented",,
vlan_id_mode,"If the user configures more than one interface on the Ixia with VLAN, he
can choose to automatically increment the VLAN tag
DEFAULT
	None
IxNetwork-NGPF
	
DESCRIPTION
	
If the user configures more than one interface on the Ixia with VLAN, he
can choose to automatically increment the VLAN tag (increment)or leave
it idle for each interface (fixed).
Valid options are:
fixed
	
increment
	
DEFAULT
	
increment",opt,"fixed,increment","IxNetwork, IxOS/IxNetwork-FT",universal,"IxTclNetwork:7.40.929.15,IxTclHal:6.80","unimplemented",,
vlan_id_step,"If the -vlan_id_mode is increment, this will be the step value by which
the VLAN tags are incremented.When vlan_id_step causes the vlan_id value
to exceed it's maximum value the increment will be done modulo
.Examples: vlan_id = 4094; vlan_id_step = 2 -> new vlan_id value =
0vlan_id = 4095; vlan_id_step = 11 -> new vlan_id value = 10
DEFAULT
	None
IxNetwork-NGPF
	
DESCRIPTION
	
If the -vlan_id_mode is increment, this will be the step value by which
the VLAN tags are incremented. When vlan_id_step causes the vlan_id
value to exceed it's maximum value the increment will be done modulo .
Examples: vlan_id = 4094; vlan_id_step = 2 -> new vlan_id value = 0
vlan_id = 4095; vlan_id_step = 11 -> new vlan_id value = 10
DEFAULT
	
1
DEPENDENCIES
	
Valid in combination with parameter(s)
'vlan' | value= '1' |
'vlan_id_mode' | value= 'increment' |",range,,"IxNetwork, IxOS/IxNetwork-FT",universal,"IxTclNetwork:7.40.929.15,IxTclHal:6.80","unimplemented",,
vlan_user_priority,"Not defined
DEFAULT
	None
IxNetwork-NGPF
	
DESCRIPTION
	
VLAN user priority assigned to emulated router node.
DEFAULT
	
0",range,,"IxNetwork, IxOS/IxNetwork-FT",universal,"IxTclNetwork:7.40.929.15,IxTclHal:6.80","unimplemented",,
vpi,"Not defined
DEFAULT
	None",range,,"IxNetwork, IxOS/IxNetwork-FT",universal,"IxTclNetwork:7.40.929.15,IxTclHal:6.80","unimplemented",,
vpi_step,"The step value used for incrementing the -vpi option.When vpi_step
causes the vpi value to exceed it's maximum value the increment will be
done modulo .Examples: vpi = 254; vpi_step = 2 -> new vpi value = 0vpi =
255; vpi_step = 11 -> new vpi value = 10
DEFAULT
	None",range,,"IxNetwork, IxOS/IxNetwork-FT",universal,"IxTclNetwork:7.40.929.15,IxTclHal:6.80","unimplemented",,
wide_metrics,"If true (1), enable wide style metrics. If te_enable is true then
wide_metrics also gets set to true (1) irrespective of the ip_version
value and cannot be modified to false. This is the behavior in
IxTclProtocol and IxTclNetwork.(DEFAULT 0)
DEFAULT
	
0
IxNetwork-NGPF
	
DESCRIPTION
	
If true (1), enable wide style metrics. If te_enable is true then
wide_metrics also gets set to true (1) irrespective of the ip_version
value and cannot be modified to false. This is the behavior in
IxTclProtocol and IxTclNetwork. (DEFAULT 0)
DEFAULT
	
0",bool_opt,,"IxNetwork, IxOS/IxNetwork-FT",universal,"IxTclNetwork:7.40.929.15,IxTclHal:6.80","unimplemented",,